<?xml version="1.0" encoding="UTF-8"?>
<project-private xmlns="http://www.netbeans.org/ns/project-private/1">
    <editor-bookmarks xmlns="http://www.netbeans.org/ns/editor-bookmarks/2" lastBookmarkId="0"/>
    <open-files xmlns="http://www.netbeans.org/ns/projectui-open-files/2">
        <group>
            <file>file:/C:/Users/pc/Desktop/flayed2.0/flayed2.0/src/flayed2/pkg0/Flayed20.java</file>
            <file>file:/C:/Users/pc/Desktop/flayed2.0/flayed2.0/src/flayed2/pkg0/moto1.java</file>
            <file>file:/C:/Users/pc/Desktop/flayed2.0/flayed2.0/src/flayed2/pkg0/moto2.java</file>
            <file>file:/C:/Users/pc/Desktop/flayed2.0/flayed2.0/src/flayed2/pkg0/moto3.java</file>
            <file>file:/C:/Users/pc/Desktop/flayed2.0/flayed2.0/src/flayed2/pkg0/moto4.java</file>
            <file>file:/C:/Users/pc/Desktop/flayed2.0/flayed2.0/src/flayed2/pkg0/moto5.java</file>
            <file>file:/C:/Users/pc/Desktop/flayed2.0/flayed2.0/src/flayed2/pkg0/moto6.java</file>
            <file>file:/C:/Users/pc/Desktop/flayed2.0/flayed2.0/src/flayed2/pkg0/moto7.java</file>
            <file>file:/C:/Users/pc/Desktop/flayed2.0/flayed2.0/src/flayed2/pkg0/moto8.java</file>
            <file>file:/C:/Users/pc/Desktop/flayed2.0/flayed2.0/src/flayed2/pkg0/moto9.java</file>
            <file>file:/C:/Users/pc/Desktop/flayed2.0/flayed2.0/src/flayed2/pkg0/moto10.java</file>
            <file>file:/C:/Users/pc/Desktop/flayed2.0/flayed2.0/src/flayed2/pkg0/moto11.java</file>
            <file>file:/C:/Users/pc/Desktop/flayed2.0/flayed2.0/src/flayed2/pkg0/moto12.java</file>
            <file>file:/C:/Users/pc/Desktop/flayed2.0/flayed2.0/src/flayed2/pkg0/moto13.java</file>
            <file>file:/C:/Users/pc/Desktop/flayed2.0/flayed2.0/src/flayed2/pkg0/moto14.java</file>
            <file>file:/C:/Users/pc/Desktop/flayed2.0/flayed2.0/src/flayed2/pkg0/moto15.java</file>
            <file>file:/C:/Users/pc/Desktop/flayed2.0/flayed2.0/src/flayed2/pkg0/moto16.java</file>
            <file>file:/C:/Users/pc/Desktop/flayed2.0/flayed2.0/src/flayed2/pkg0/moto17.java</file>
            <file>file:/C:/Users/pc/Desktop/flayed2.0/flayed2.0/src/flayed2/pkg0/moto18.java</file>
            <file>file:/C:/Users/pc/Desktop/flayed2.0/flayed2.0/src/FOTOS/desktop.ini</file>
            <file>file:/C:/Users/pc/Desktop/flayed2.0/flayed2.0/src/FOTOS/Captura%20de%20pantalla%202025-08-26%20003627.png</file>
            <file>file:/C:/Users/pc/Desktop/flayed2.0/flayed2.0/src/flayed2/pkg0/sesion.java</file>
            <file>file:/C:/Users/pc/Desktop/flayed2.0/flayed2.0/src/flayed2/pkg0/inicio.java</file>
        </group>
    </open-files>
</project-private>
