<?xml version="1.0" encoding="UTF-8"?>
<project-private xmlns="http://www.netbeans.org/ns/project-private/1">
    <editor-bookmarks xmlns="http://www.netbeans.org/ns/editor-bookmarks/2" lastBookmarkId="0"/>
    <open-files xmlns="http://www.netbeans.org/ns/projectui-open-files/2">
        <group>
            <file>file:/C:/Users/RSP-L17-LT-021/Documents/NetBeansProjects/flayed2.0/src/flayed2/pkg0/Flayed20.java</file>
            <file>file:/C:/Users/RSP-L17-LT-021/Documents/NetBeansProjects/flayed2.0/src/flayed2/pkg0/moto1.java</file>
        </group>
    </open-files>
</project-private>
